phylum,taxon,n_images
蓝藻门,伪鱼腥藻属,11
蓝藻门,棒胶藻属,9
蓝藻门,平裂藻属,6
蓝藻门,束丝藻属,4
蓝藻门,鱼腥藻属,3
蓝藻门,颤藻属,2
蓝藻门,优美平裂藻,2
蓝藻门,色球藻属,2
蓝藻门,惠氏微囊藻,2
蓝藻门,微囊藻属,2
蓝藻门,点形平裂藻,1
蓝藻门,卷曲鱼腥藻,1
蓝藻门,螺旋藻属,1
硅藻门,小环藻属,52
硅藻门,针杆藻属,16
硅藻门,尖针杆藻,11
硅藻门,舟形藻属,11
硅藻门,桥弯藻属,8
硅藻门,曲壳藻属,8
硅藻门,美丽星杆藻,7
硅藻门,眼斑小环藻,6
硅藻门,克洛脆杆藻,5
硅藻门,肋缝藻属,5
硅藻门,谷皮菱形藻,5
硅藻门,尖布纹藻,3
硅藻门,椭圆双壁藻,3
硅藻门,颗粒直连藻,3
硅藻门,钝脆杆藻,2
硅藻门,根管藻属,2
硅藻门,具星小环藻,2
硅藻门,颗粒直连藻最窄变种,2
硅藻门,草鞋形波缘藻,1
硅藻门,锯形短缝藻,1
硅藻门,扁圆卵形藻,1
硅藻门,箱形桥弯藻属,1
硅藻门,膨胀桥弯藻,1
硅藻门,线形双菱藻,1
硅藻门,端毛双菱藻,1
硅藻门,双菱藻属,1
硅藻门,梅尼小环藻,1
硅藻门,扭曲小环藻,1
硅藻门,异极藻属,1
硅藻门,直链藻属,1
金藻门,锥囊藻属,8
金藻门,黄群藻属,7
金藻门,鱼鳞藻属,2
隐藻门,隐藻属,15
隐藻门,蓝隐藻属,1
甲藻门,多甲藻属,14
甲藻门,裸甲藻属,7
甲藻门,拟二叉角藻,5
甲藻门,环沟藻属,2
甲藻门,薄甲藻属,1
裸藻门,囊裸藻属,6
裸藻门,裸藻属,5
裸藻门,扁裸藻属,4
绿藻门,单角盘星藻具孔变种,18
绿藻门,衣藻属,11
绿藻门,鼓藻属,7
绿藻门,拟新月藻属,7
绿藻门,二形栅藻,7
绿藻门,单角盘星藻,6
绿藻门,双对栅藻,6
绿藻门,角星鼓藻属,5
绿藻门,栅藻属,5
绿藻门,纺锤藻属,4
绿藻门,单角盘星藻粒刺变种,4
绿藻门,纤维藻属,4
绿藻门,小空星藻,3
绿藻门,卵囊藻属,3
绿藻门,实球藻属,3
绿藻门,具尾四角藻,3
绿藻门,丰富栅藻原变种,3
绿藻门,顶极藻属,2
绿藻门,胶网藻属,2
绿藻门,四角盘星藻,2
绿藻门,双射盘星藻,2
绿藻门,二角盘星藻纤细变种,2
绿藻门,四足十字藻,2
绿藻门,月牙藻属,2
绿藻门,裂孔栅藻,2
绿藻门,转板藻属,2
绿藻门,多棘鼓藻,1
绿藻门,叉星鼓藻,1
绿藻门,四刺顶极藻,1
绿藻门,平顶顶接鼓藻,1
绿藻门,多芒藻属,1
绿藻门,浮球藻属,1
绿藻门,集星藻属,1
绿藻门,胶囊藻属,1
绿藻门,纤细角星鼓藻,1
绿藻门,网状空星藻,1
绿藻门,盘星藻属,1
绿藻门,盘藻属,1
绿藻门,四角十字藻,1
绿藻门,顶锥十字藻,1
绿藻门,小球藻属,1
绿藻门,新月藻属,1
绿藻门,四尾栅藻,1
绿藻门,龙骨栅藻,1
绿藻门,弯曲栅藻,1
绿藻门,齿牙栅藻,1
