id,page,image_index,phylum,taxon,filename
p001_i01,1,1,蓝藻门,棒胶藻属,p001_i01.jpg
p001_i02,1,2,蓝藻门,棒胶藻属,p001_i02.jpg
p001_i03,1,3,蓝藻门,棒胶藻属,p001_i03.jpg
p001_i04,1,4,蓝藻门,棒胶藻属,p001_i04.jpg
p001_i05,1,5,蓝藻门,棒胶藻属,p001_i05.jpg
p001_i06,1,6,蓝藻门,棒胶藻属,p001_i06.jpg
p002_i01,2,1,蓝藻门,棒胶藻属,p002_i01.jpg
p002_i02,2,2,蓝藻门,棒胶藻属,p002_i02.jpg
p002_i03,2,3,蓝藻门,棒胶藻属,p002_i03.jpg
p002_i04,2,4,蓝藻门,颤藻属,p002_i04.jpg
p002_i05,2,5,蓝藻门,颤藻属,p002_i05.jpg
p002_i06,2,6,蓝藻门,点形平裂藻,p002_i06.jpg
p003_i01,3,1,蓝藻门,平裂藻属,p003_i01.jpg
p003_i02,3,2,蓝藻门,平裂藻属,p003_i02.jpg
p003_i03,3,3,蓝藻门,平裂藻属,p003_i03.jpg
p003_i04,3,4,蓝藻门,平裂藻属,p003_i04.jpg
p003_i05,3,5,蓝藻门,平裂藻属,p003_i05.jpg
p003_i06,3,6,蓝藻门,优美平裂藻,p003_i06.jpg
p004_i01,4,1,蓝藻门,优美平裂藻,p004_i01.jpg
p004_i02,4,2,蓝藻门,平裂藻属,p004_i02.jpg
p004_i03,4,3,蓝藻门,色球藻属,p004_i03.jpg
p004_i04,4,4,蓝藻门,色球藻属,p004_i04.jpg
p004_i05,4,5,蓝藻门,束丝藻属,p004_i05.jpg
p004_i06,4,6,蓝藻门,束丝藻属,p004_i06.jpg
p005_i01,5,1,蓝藻门,束丝藻属,p005_i01.jpg
p005_i02,5,2,蓝藻门,束丝藻属,p005_i02.jpg
p005_i03,5,3,蓝藻门,惠氏微囊藻,p005_i03.jpg
p005_i04,5,4,蓝藻门,惠氏微囊藻,p005_i04.jpg
p005_i05,5,5,蓝藻门,微囊藻属,p005_i05.jpg
p005_i06,5,6,蓝藻门,微囊藻属,p005_i06.jpg
p006_i01,6,1,蓝藻门,伪鱼腥藻属,p006_i01.jpg
p006_i02,6,2,蓝藻门,伪鱼腥藻属,p006_i02.jpg
p006_i03,6,3,蓝藻门,伪鱼腥藻属,p006_i03.jpg
p006_i04,6,4,蓝藻门,伪鱼腥藻属,p006_i04.jpg
p006_i05,6,5,蓝藻门,伪鱼腥藻属,p006_i05.jpg
p006_i06,6,6,蓝藻门,伪鱼腥藻属,p006_i06.jpg
p007_i01,7,1,蓝藻门,伪鱼腥藻属,p007_i01.jpg
p007_i02,7,2,蓝藻门,伪鱼腥藻属,p007_i02.jpg
p007_i03,7,3,蓝藻门,伪鱼腥藻属,p007_i03.jpg
p007_i04,7,4,蓝藻门,伪鱼腥藻属,p007_i04.jpg
p007_i05,7,5,蓝藻门,伪鱼腥藻属,p007_i05.jpg
p007_i06,7,6,蓝藻门,卷曲鱼腥藻,p007_i06.jpg
p008_i01,8,1,蓝藻门,鱼腥藻属,p008_i01.jpg
p008_i02,8,2,蓝藻门,鱼腥藻属,p008_i02.jpg
p008_i03,8,3,蓝藻门,鱼腥藻属,p008_i03.jpg
p008_i04,8,4,蓝藻门,螺旋藻属,p008_i04.jpg
p009_i01,9,1,硅藻门,草鞋形波缘藻,p009_i01.jpg
p009_i02,9,2,硅藻门,尖布纹藻,p009_i02.jpg
p009_i03,9,3,硅藻门,尖布纹藻,p009_i03.jpg
p009_i04,9,4,硅藻门,尖布纹藻,p009_i04.jpg
p009_i05,9,5,硅藻门,钝脆杆藻,p009_i05.jpg
p009_i06,9,6,硅藻门,钝脆杆藻,p009_i06.jpg
p010_i01,10,1,硅藻门,克洛脆杆藻,p010_i01.jpg
p010_i02,10,2,硅藻门,克洛脆杆藻,p010_i02.jpg
p010_i03,10,3,硅藻门,克洛脆杆藻,p010_i03.jpg
p010_i04,10,4,硅藻门,克洛脆杆藻,p010_i04.jpg
p010_i05,10,5,硅藻门,克洛脆杆藻,p010_i05.jpg
p010_i06,10,6,硅藻门,根管藻属,p010_i06.jpg
p011_i01,11,1,硅藻门,根管藻属,p011_i01.jpg
p011_i02,11,2,硅藻门,锯形短缝藻,p011_i02.jpg
p011_i03,11,3,硅藻门,肋缝藻属,p011_i03.jpg
p011_i04,11,4,硅藻门,肋缝藻属,p011_i04.jpg
p011_i05,11,5,硅藻门,肋缝藻属,p011_i05.jpg
p011_i06,11,6,硅藻门,肋缝藻属,p011_i06.jpg
p012_i01,12,1,硅藻门,肋缝藻属,p012_i01.jpg
p012_i02,12,2,硅藻门,谷皮菱形藻,p012_i02.jpg
p012_i03,12,3,硅藻门,谷皮菱形藻,p012_i03.jpg
p012_i04,12,4,硅藻门,谷皮菱形藻,p012_i04.jpg
p012_i05,12,5,硅藻门,谷皮菱形藻,p012_i05.jpg
p012_i06,12,6,硅藻门,谷皮菱形藻,p012_i06.jpg
p013_i01,13,1,硅藻门,扁圆卵形藻,p013_i01.jpg
p013_i02,13,2,硅藻门,椭圆双壁藻,p013_i02.jpg
p013_i03,13,3,硅藻门,椭圆双壁藻,p013_i03.jpg
p013_i04,13,4,硅藻门,椭圆双壁藻,p013_i04.jpg
p014_i01,14,1,硅藻门,箱形桥弯藻属,p014_i01.jpg
p014_i02,14,2,硅藻门,膨胀桥弯藻,p014_i02.jpg
p014_i03,14,3,硅藻门,桥弯藻属,p014_i03.jpg
p014_i04,14,4,硅藻门,桥弯藻属,p014_i04.jpg
p014_i05,14,5,硅藻门,桥弯藻属,p014_i05.jpg
p014_i06,14,6,硅藻门,桥弯藻属,p014_i06.jpg
p015_i01,15,1,硅藻门,桥弯藻属,p015_i01.jpg
p015_i02,15,2,硅藻门,桥弯藻属,p015_i02.jpg
p015_i03,15,3,硅藻门,桥弯藻属,p015_i03.jpg
p015_i04,15,4,硅藻门,桥弯藻属,p015_i04.jpg
p015_i05,15,5,硅藻门,曲壳藻属,p015_i05.jpg
p015_i06,15,6,硅藻门,曲壳藻属,p015_i06.jpg
p016_i01,16,1,硅藻门,曲壳藻属,p016_i01.jpg
p016_i02,16,2,硅藻门,曲壳藻属,p016_i02.jpg
p016_i03,16,3,硅藻门,曲壳藻属,p016_i03.jpg
p016_i04,16,4,硅藻门,曲壳藻属,p016_i04.jpg
p016_i05,16,5,硅藻门,曲壳藻属,p016_i05.jpg
p016_i06,16,6,硅藻门,曲壳藻属,p016_i06.jpg
p017_i01,17,1,硅藻门,线形双菱藻,p017_i01.jpg
p017_i02,17,2,硅藻门,端毛双菱藻,p017_i02.jpg
p017_i03,17,3,硅藻门,双菱藻属,p017_i03.jpg
p017_i04,17,4,硅藻门,眼斑小环藻,p017_i04.jpg
p017_i05,17,5,硅藻门,眼斑小环藻,p017_i05.jpg
p017_i06,17,6,硅藻门,眼斑小环藻,p017_i06.jpg
p018_i01,18,1,硅藻门,眼斑小环藻,p018_i01.jpg
p018_i02,18,2,硅藻门,眼斑小环藻,p018_i02.jpg
p018_i03,18,3,硅藻门,眼斑小环藻,p018_i03.jpg
p018_i04,18,4,硅藻门,梅尼小环藻,p018_i04.jpg
p018_i05,18,5,硅藻门,扭曲小环藻,p018_i05.jpg
p018_i06,18,6,硅藻门,具星小环藻,p018_i06.jpg
p019_i01,19,1,硅藻门,具星小环藻,p019_i01.jpg
p019_i02,19,2,硅藻门,小环藻属,p019_i02.jpg
p019_i03,19,3,硅藻门,小环藻属,p019_i03.jpg
p019_i04,19,4,硅藻门,小环藻属,p019_i04.jpg
p019_i05,19,5,硅藻门,小环藻属,p019_i05.jpg
p019_i06,19,6,硅藻门,小环藻属,p019_i06.jpg
p020_i01,20,1,硅藻门,小环藻属,p020_i01.jpg
p020_i02,20,2,硅藻门,小环藻属,p020_i02.jpg
p020_i03,20,3,硅藻门,小环藻属,p020_i03.jpg
p020_i04,20,4,硅藻门,小环藻属,p020_i04.jpg
p020_i05,20,5,硅藻门,小环藻属,p020_i05.jpg
p020_i06,20,6,硅藻门,小环藻属,p020_i06.jpg
p021_i01,21,1,硅藻门,小环藻属,p021_i01.jpg
p021_i02,21,2,硅藻门,小环藻属,p021_i02.jpg
p021_i03,21,3,硅藻门,小环藻属,p021_i03.jpg
p021_i04,21,4,硅藻门,小环藻属,p021_i04.jpg
p021_i05,21,5,硅藻门,小环藻属,p021_i05.jpg
p021_i06,21,6,硅藻门,小环藻属,p021_i06.jpg
p022_i01,22,1,硅藻门,小环藻属,p022_i01.jpg
p022_i02,22,2,硅藻门,小环藻属,p022_i02.jpg
p022_i03,22,3,硅藻门,小环藻属,p022_i03.jpg
p022_i04,22,4,硅藻门,小环藻属,p022_i04.jpg
p022_i05,22,5,硅藻门,小环藻属,p022_i05.jpg
p022_i06,22,6,硅藻门,小环藻属,p022_i06.jpg
p023_i01,23,1,硅藻门,小环藻属,p023_i01.jpg
p023_i02,23,2,硅藻门,小环藻属,p023_i02.jpg
p023_i03,23,3,硅藻门,小环藻属,p023_i03.jpg
p023_i04,23,4,硅藻门,小环藻属,p023_i04.jpg
p023_i05,23,5,硅藻门,小环藻属,p023_i05.jpg
p023_i06,23,6,硅藻门,小环藻属,p023_i06.jpg
p024_i01,24,1,硅藻门,小环藻属,p024_i01.jpg
p024_i02,24,2,硅藻门,小环藻属,p024_i02.jpg
p024_i03,24,3,硅藻门,小环藻属,p024_i03.jpg
p024_i04,24,4,硅藻门,小环藻属,p024_i04.jpg
p024_i05,24,5,硅藻门,小环藻属,p024_i05.jpg
p024_i06,24,6,硅藻门,小环藻属,p024_i06.jpg
p025_i01,25,1,硅藻门,小环藻属,p025_i01.jpg
p025_i02,25,2,硅藻门,小环藻属,p025_i02.jpg
p025_i03,25,3,硅藻门,小环藻属,p025_i03.jpg
p025_i04,25,4,硅藻门,小环藻属,p025_i04.jpg
p025_i05,25,5,硅藻门,小环藻属,p025_i05.jpg
p025_i06,25,6,硅藻门,小环藻属,p025_i06.jpg
p026_i01,26,1,硅藻门,小环藻属,p026_i01.jpg
p026_i02,26,2,硅藻门,小环藻属,p026_i02.jpg
p026_i03,26,3,硅藻门,小环藻属,p026_i03.jpg
p026_i04,26,4,硅藻门,小环藻属,p026_i04.jpg
p026_i05,26,5,硅藻门,小环藻属,p026_i05.jpg
p026_i06,26,6,硅藻门,小环藻属,p026_i06.jpg
p027_i01,27,1,硅藻门,小环藻属,p027_i01.jpg
p027_i02,27,2,硅藻门,小环藻属,p027_i02.jpg
p027_i03,27,3,硅藻门,小环藻属,p027_i03.jpg
p027_i04,27,4,硅藻门,小环藻属,p027_i04.jpg
p027_i05,27,5,硅藻门,小环藻属,p027_i05.jpg
p027_i06,27,6,硅藻门,美丽星杆藻,p027_i06.jpg
p028_i01,28,1,硅藻门,美丽星杆藻,p028_i01.jpg
p028_i02,28,2,硅藻门,美丽星杆藻,p028_i02.jpg
p028_i03,28,3,硅藻门,美丽星杆藻,p028_i03.jpg
p028_i04,28,4,硅藻门,美丽星杆藻,p028_i04.jpg
p028_i05,28,5,硅藻门,美丽星杆藻,p028_i05.jpg
p028_i06,28,6,硅藻门,美丽星杆藻,p028_i06.jpg
p029_i01,29,1,硅藻门,异极藻属,p029_i01.jpg
p029_i02,29,2,硅藻门,尖针杆藻,p029_i02.jpg
p029_i03,29,3,硅藻门,尖针杆藻,p029_i03.jpg
p029_i04,29,4,硅藻门,尖针杆藻,p029_i04.jpg
p029_i05,29,5,硅藻门,尖针杆藻,p029_i05.jpg
p029_i06,29,6,硅藻门,尖针杆藻,p029_i06.jpg
p030_i01,30,1,硅藻门,尖针杆藻,p030_i01.jpg
p030_i02,30,2,硅藻门,尖针杆藻,p030_i02.jpg
p030_i03,30,3,硅藻门,尖针杆藻,p030_i03.jpg
p030_i04,30,4,硅藻门,尖针杆藻,p030_i04.jpg
p030_i05,30,5,硅藻门,尖针杆藻,p030_i05.jpg
p030_i06,30,6,硅藻门,尖针杆藻,p030_i06.jpg
p031_i01,31,1,硅藻门,针杆藻属,p031_i01.jpg
p031_i02,31,2,硅藻门,针杆藻属,p031_i02.jpg
p031_i03,31,3,硅藻门,针杆藻属,p031_i03.jpg
p031_i04,31,4,硅藻门,针杆藻属,p031_i04.jpg
p031_i05,31,5,硅藻门,针杆藻属,p031_i05.jpg
p031_i06,31,6,硅藻门,针杆藻属,p031_i06.jpg
p032_i01,32,1,硅藻门,针杆藻属,p032_i01.jpg
p032_i02,32,2,硅藻门,针杆藻属,p032_i02.jpg
p032_i03,32,3,硅藻门,针杆藻属,p032_i03.jpg
p032_i04,32,4,硅藻门,针杆藻属,p032_i04.jpg
p032_i05,32,5,硅藻门,针杆藻属,p032_i05.jpg
p032_i06,32,6,硅藻门,针杆藻属,p032_i06.jpg
p032_i07,32,7,硅藻门,针杆藻属,p032_i07.jpg
p033_i01,33,1,硅藻门,针杆藻属,p033_i01.jpg
p033_i02,33,2,硅藻门,针杆藻属,p033_i02.jpg
p033_i03,33,3,硅藻门,针杆藻属,p033_i03.jpg
p033_i04,33,4,硅藻门,颗粒直连藻,p033_i04.jpg
p033_i05,33,5,硅藻门,颗粒直连藻,p033_i05.jpg
p033_i06,33,6,硅藻门,颗粒直连藻,p033_i06.jpg
p034_i01,34,1,硅藻门,颗粒直连藻最窄变种,p034_i01.jpg
p034_i02,34,2,硅藻门,颗粒直连藻最窄变种,p034_i02.jpg
p034_i03,34,3,硅藻门,直链藻属,p034_i03.jpg
p034_i04,34,4,硅藻门,舟形藻属,p034_i04.jpg
p034_i05,34,5,硅藻门,舟形藻属,p034_i05.jpg
p034_i06,34,6,硅藻门,舟形藻属,p034_i06.jpg
p035_i01,35,1,硅藻门,舟形藻属,p035_i01.jpg
p035_i02,35,2,硅藻门,舟形藻属,p035_i02.jpg
p035_i03,35,3,硅藻门,舟形藻属,p035_i03.jpg
p035_i04,35,4,硅藻门,舟形藻属,p035_i04.jpg
p035_i05,35,5,硅藻门,舟形藻属,p035_i05.jpg
p035_i06,35,6,硅藻门,舟形藻属,p035_i06.jpg
p036_i01,36,1,硅藻门,舟形藻属,p036_i01.jpg
p036_i02,36,2,硅藻门,舟形藻属,p036_i02.jpg
p037_i01,37,1,金藻门,黄群藻属,p037_i01.jpg
p037_i02,37,2,金藻门,黄群藻属,p037_i02.jpg
p037_i03,37,3,金藻门,黄群藻属,p037_i03.jpg
p037_i04,37,4,金藻门,黄群藻属,p037_i04.jpg
p037_i05,37,5,金藻门,黄群藻属,p037_i05.jpg
p037_i06,37,6,金藻门,黄群藻属,p037_i06.jpg
p038_i01,38,1,金藻门,黄群藻属,p038_i01.jpg
p038_i02,38,2,金藻门,鱼鳞藻属,p038_i02.jpg
p038_i03,38,3,金藻门,鱼鳞藻属,p038_i03.jpg
p038_i04,38,4,金藻门,锥囊藻属,p038_i04.jpg
p038_i05,38,5,金藻门,锥囊藻属,p038_i05.jpg
p038_i06,38,6,金藻门,锥囊藻属,p038_i06.jpg
p039_i01,39,1,金藻门,锥囊藻属,p039_i01.jpg
p039_i02,39,2,金藻门,锥囊藻属,p039_i02.jpg
p039_i03,39,3,金藻门,锥囊藻属,p039_i03.jpg
p039_i04,39,4,金藻门,锥囊藻属,p039_i04.jpg
p039_i05,39,5,金藻门,锥囊藻属,p039_i05.jpg
p040_i01,40,1,隐藻门,蓝隐藻属,p040_i01.jpg
p040_i02,40,2,隐藻门,隐藻属,p040_i02.jpg
p040_i03,40,3,隐藻门,隐藻属,p040_i03.jpg
p040_i04,40,4,隐藻门,隐藻属,p040_i04.jpg
p040_i05,40,5,隐藻门,隐藻属,p040_i05.jpg
p040_i06,40,6,隐藻门,隐藻属,p040_i06.jpg
p041_i01,41,1,隐藻门,隐藻属,p041_i01.jpg
p041_i02,41,2,隐藻门,隐藻属,p041_i02.jpg
p041_i03,41,3,隐藻门,隐藻属,p041_i03.jpg
p041_i04,41,4,隐藻门,隐藻属,p041_i04.jpg
p041_i05,41,5,隐藻门,隐藻属,p041_i05.jpg
p041_i06,41,6,隐藻门,隐藻属,p041_i06.jpg
p042_i01,42,1,隐藻门,隐藻属,p042_i01.jpg
p042_i02,42,2,隐藻门,隐藻属,p042_i02.jpg
p042_i03,42,3,隐藻门,隐藻属,p042_i03.jpg
p042_i04,42,4,隐藻门,隐藻属,p042_i04.jpg
p043_i01,43,1,甲藻门,薄甲藻属,p043_i01.jpg
p043_i02,43,2,甲藻门,多甲藻属,p043_i02.jpg
p043_i03,43,3,甲藻门,多甲藻属,p043_i03.jpg
p043_i04,43,4,甲藻门,多甲藻属,p043_i04.jpg
p043_i05,43,5,甲藻门,多甲藻属,p043_i05.jpg
p043_i06,43,6,甲藻门,多甲藻属,p043_i06.jpg
p044_i01,44,1,甲藻门,多甲藻属,p044_i01.jpg
p044_i02,44,2,甲藻门,多甲藻属,p044_i02.jpg
p044_i03,44,3,甲藻门,多甲藻属,p044_i03.jpg
p044_i04,44,4,甲藻门,多甲藻属,p044_i04.jpg
p044_i05,44,5,甲藻门,多甲藻属,p044_i05.jpg
p044_i06,44,6,甲藻门,多甲藻属,p044_i06.jpg
p045_i01,45,1,甲藻门,多甲藻属,p045_i01.jpg
p045_i02,45,2,甲藻门,多甲藻属,p045_i02.jpg
p045_i03,45,3,甲藻门,多甲藻属,p045_i03.jpg
p045_i04,45,4,甲藻门,环沟藻属,p045_i04.jpg
p045_i05,45,5,甲藻门,环沟藻属,p045_i05.jpg
p045_i06,45,6,甲藻门,拟二叉角藻,p045_i06.jpg
p046_i01,46,1,甲藻门,拟二叉角藻,p046_i01.jpg
p046_i02,46,2,甲藻门,拟二叉角藻,p046_i02.jpg
p046_i03,46,3,甲藻门,拟二叉角藻,p046_i03.jpg
p046_i04,46,4,甲藻门,拟二叉角藻,p046_i04.jpg
p046_i05,46,5,甲藻门,裸甲藻属,p046_i05.jpg
p046_i06,46,6,甲藻门,裸甲藻属,p046_i06.jpg
p047_i01,47,1,甲藻门,裸甲藻属,p047_i01.jpg
p047_i02,47,2,甲藻门,裸甲藻属,p047_i02.jpg
p047_i03,47,3,甲藻门,裸甲藻属,p047_i03.jpg
p047_i04,47,4,甲藻门,裸甲藻属,p047_i04.jpg
p047_i05,47,5,甲藻门,裸甲藻属,p047_i05.jpg
p048_i01,48,1,裸藻门,扁裸藻属,p048_i01.jpg
p048_i02,48,2,裸藻门,扁裸藻属,p048_i02.jpg
p048_i03,48,3,裸藻门,扁裸藻属,p048_i03.jpg
p048_i04,48,4,裸藻门,扁裸藻属,p048_i04.jpg
p048_i05,48,5,裸藻门,裸藻属,p048_i05.jpg
p048_i06,48,6,裸藻门,裸藻属,p048_i06.jpg
p049_i01,49,1,裸藻门,裸藻属,p049_i01.jpg
p049_i02,49,2,裸藻门,裸藻属,p049_i02.jpg
p049_i03,49,3,裸藻门,裸藻属,p049_i03.jpg
p049_i04,49,4,裸藻门,囊裸藻属,p049_i04.jpg
p049_i05,49,5,裸藻门,囊裸藻属,p049_i05.jpg
p049_i06,49,6,裸藻门,囊裸藻属,p049_i06.jpg
p050_i01,50,1,裸藻门,囊裸藻属,p050_i01.jpg
p050_i02,50,2,裸藻门,囊裸藻属,p050_i02.jpg
p050_i03,50,3,裸藻门,囊裸藻属,p050_i03.jpg
p051_i01,51,1,绿藻门,多棘鼓藻,p051_i01.jpg
p051_i02,51,2,绿藻门,叉星鼓藻,p051_i02.jpg
p051_i03,51,3,绿藻门,四刺顶极藻,p051_i03.jpg
p051_i04,51,4,绿藻门,顶极藻属,p051_i04.jpg
p051_i05,51,5,绿藻门,顶极藻属,p051_i05.jpg
p051_i06,51,6,绿藻门,平顶顶接鼓藻,p051_i06.jpg
p052_i01,52,1,绿藻门,多芒藻属,p052_i01.jpg
p052_i02,52,2,绿藻门,纺锤藻属,p052_i02.jpg
p052_i03,52,3,绿藻门,纺锤藻属,p052_i03.jpg
p052_i04,52,4,绿藻门,纺锤藻属,p052_i04.jpg
p052_i05,52,5,绿藻门,纺锤藻属,p052_i05.jpg
p052_i06,52,6,绿藻门,浮球藻属,p052_i06.jpg
p053_i01,53,1,绿藻门,鼓藻属,p053_i01.jpg
p053_i02,53,2,绿藻门,鼓藻属,p053_i02.jpg
p053_i03,53,3,绿藻门,鼓藻属,p053_i03.jpg
p053_i04,53,4,绿藻门,鼓藻属,p053_i04.jpg
p053_i05,53,5,绿藻门,鼓藻属,p053_i05.jpg
p053_i06,53,6,绿藻门,鼓藻属,p053_i06.jpg
p054_i01,54,1,绿藻门,鼓藻属,p054_i01.jpg
p054_i02,54,2,绿藻门,集星藻属,p054_i02.jpg
p054_i03,54,3,绿藻门,胶囊藻属,p054_i03.jpg
p054_i04,54,4,绿藻门,胶网藻属,p054_i04.jpg
p054_i05,54,5,绿藻门,胶网藻属,p054_i05.jpg
p054_i06,54,6,绿藻门,纤细角星鼓藻,p054_i06.jpg
p055_i01,55,1,绿藻门,角星鼓藻属,p055_i01.jpg
p055_i02,55,2,绿藻门,角星鼓藻属,p055_i02.jpg
p055_i03,55,3,绿藻门,角星鼓藻属,p055_i03.jpg
p055_i04,55,4,绿藻门,角星鼓藻属,p055_i04.jpg
p055_i05,55,5,绿藻门,角星鼓藻属,p055_i05.jpg
p055_i06,55,6,绿藻门,小空星藻,p055_i06.jpg
p056_i01,56,1,绿藻门,小空星藻,p056_i01.jpg
p056_i02,56,2,绿藻门,小空星藻,p056_i02.jpg
p056_i03,56,3,绿藻门,网状空星藻,p056_i03.jpg
p056_i04,56,4,绿藻门,卵囊藻属,p056_i04.jpg
p056_i05,56,5,绿藻门,卵囊藻属,p056_i05.jpg
p056_i06,56,6,绿藻门,卵囊藻属,p056_i06.jpg
p057_i01,57,1,绿藻门,拟新月藻属,p057_i01.jpg
p057_i02,57,2,绿藻门,拟新月藻属,p057_i02.jpg
p057_i03,57,3,绿藻门,拟新月藻属,p057_i03.jpg
p057_i04,57,4,绿藻门,拟新月藻属,p057_i04.jpg
p057_i05,57,5,绿藻门,拟新月藻属,p057_i05.jpg
p057_i06,57,6,绿藻门,拟新月藻属,p057_i06.jpg
p058_i01,58,1,绿藻门,拟新月藻属,p058_i01.jpg
p058_i02,58,2,绿藻门,四角盘星藻,p058_i02.jpg
p058_i03,58,3,绿藻门,四角盘星藻,p058_i03.jpg
p058_i04,58,4,绿藻门,单角盘星藻具孔变种,p058_i04.jpg
p058_i05,58,5,绿藻门,单角盘星藻具孔变种,p058_i05.jpg
p058_i06,58,6,绿藻门,单角盘星藻粒刺变种,p058_i06.jpg
p059_i01,59,1,绿藻门,单角盘星藻粒刺变种,p059_i01.jpg
p059_i02,59,2,绿藻门,单角盘星藻粒刺变种,p059_i02.jpg
p059_i03,59,3,绿藻门,单角盘星藻粒刺变种,p059_i03.jpg
p059_i04,59,4,绿藻门,单角盘星藻,p059_i04.jpg
p059_i05,59,5,绿藻门,单角盘星藻,p059_i05.jpg
p059_i06,59,6,绿藻门,单角盘星藻,p059_i06.jpg
p060_i01,60,1,绿藻门,单角盘星藻,p060_i01.jpg
p060_i02,60,2,绿藻门,单角盘星藻,p060_i02.jpg
p060_i03,60,3,绿藻门,单角盘星藻,p060_i03.jpg
p060_i04,60,4,绿藻门,盘星藻属,p060_i04.jpg
p060_i05,60,5,绿藻门,双射盘星藻,p060_i05.jpg
p060_i06,60,6,绿藻门,双射盘星藻,p060_i06.jpg
p061_i01,61,1,绿藻门,单角盘星藻具孔变种,p061_i01.jpg
p061_i02,61,2,绿藻门,二角盘星藻纤细变种,p061_i02.jpg
p061_i03,61,3,绿藻门,单角盘星藻具孔变种,p061_i03.jpg
p061_i04,61,4,绿藻门,单角盘星藻具孔变种,p061_i04.jpg
p061_i05,61,5,绿藻门,单角盘星藻具孔变种,p061_i05.jpg
p061_i06,61,6,绿藻门,二角盘星藻纤细变种,p061_i06.jpg
p062_i01,62,1,绿藻门,单角盘星藻具孔变种,p062_i01.jpg
p062_i02,62,2,绿藻门,单角盘星藻具孔变种,p062_i02.jpg
p062_i03,62,3,绿藻门,单角盘星藻具孔变种,p062_i03.jpg
p062_i04,62,4,绿藻门,单角盘星藻具孔变种,p062_i04.jpg
p062_i05,62,5,绿藻门,单角盘星藻具孔变种,p062_i05.jpg
p062_i06,62,6,绿藻门,单角盘星藻具孔变种,p062_i06.jpg
p063_i01,63,1,绿藻门,单角盘星藻具孔变种,p063_i01.jpg
p063_i02,63,2,绿藻门,单角盘星藻具孔变种,p063_i02.jpg
p063_i03,63,3,绿藻门,单角盘星藻具孔变种,p063_i03.jpg
p063_i04,63,4,绿藻门,单角盘星藻具孔变种,p063_i04.jpg
p063_i05,63,5,绿藻门,单角盘星藻具孔变种,p063_i05.jpg
p063_i06,63,6,绿藻门,单角盘星藻具孔变种,p063_i06.jpg
p064_i01,64,1,绿藻门,盘藻属,p064_i01.jpg
p064_i02,64,2,绿藻门,四角十字藻,p064_i02.jpg
p064_i03,64,3,绿藻门,四足十字藻,p064_i03.jpg
p064_i04,64,4,绿藻门,四足十字藻,p064_i04.jpg
p065_i01,65,1,绿藻门,顶锥十字藻,p065_i01.jpg
p065_i02,65,2,绿藻门,实球藻属,p065_i02.jpg
p065_i03,65,3,绿藻门,实球藻属,p065_i03.jpg
p065_i04,65,4,绿藻门,实球藻属,p065_i04.jpg
p066_i01,66,1,绿藻门,具尾四角藻,p066_i01.jpg
p066_i02,66,2,绿藻门,具尾四角藻,p066_i02.jpg
p066_i03,66,3,绿藻门,具尾四角藻,p066_i03.jpg
p066_i04,66,4,绿藻门,纤维藻属,p066_i04.jpg
p066_i05,66,5,绿藻门,纤维藻属,p066_i05.jpg
p066_i06,66,6,绿藻门,纤维藻属,p066_i06.jpg
p067_i01,67,1,绿藻门,纤维藻属,p067_i01.jpg
p067_i02,67,2,绿藻门,小球藻属,p067_i02.jpg
p067_i03,67,3,绿藻门,新月藻属,p067_i03.jpg
p067_i04,67,4,绿藻门,衣藻属,p067_i04.jpg
p067_i05,67,5,绿藻门,衣藻属,p067_i05.jpg
p067_i06,67,6,绿藻门,衣藻属,p067_i06.jpg
p068_i01,68,1,绿藻门,衣藻属,p068_i01.jpg
p068_i02,68,2,绿藻门,衣藻属,p068_i02.jpg
p068_i03,68,3,绿藻门,衣藻属,p068_i03.jpg
p068_i04,68,4,绿藻门,衣藻属,p068_i04.jpg
p068_i05,68,5,绿藻门,衣藻属,p068_i05.jpg
p068_i06,68,6,绿藻门,衣藻属,p068_i06.jpg
p069_i01,69,1,绿藻门,衣藻属,p069_i01.jpg
p069_i02,69,2,绿藻门,衣藻属,p069_i02.jpg
p069_i03,69,3,绿藻门,月牙藻属,p069_i03.jpg
p069_i04,69,4,绿藻门,月牙藻属,p069_i04.jpg
p069_i05,69,5,绿藻门,双对栅藻,p069_i05.jpg
p069_i06,69,6,绿藻门,双对栅藻,p069_i06.jpg
p070_i01,70,1,绿藻门,双对栅藻,p070_i01.jpg
p070_i02,70,2,绿藻门,双对栅藻,p070_i02.jpg
p070_i03,70,3,绿藻门,双对栅藻,p070_i03.jpg
p070_i04,70,4,绿藻门,双对栅藻,p070_i04.jpg
p070_i05,70,5,绿藻门,二形栅藻,p070_i05.jpg
p070_i06,70,6,绿藻门,二形栅藻,p070_i06.jpg
p071_i01,71,1,绿藻门,二形栅藻,p071_i01.jpg
p071_i02,71,2,绿藻门,二形栅藻,p071_i02.jpg
p071_i03,71,3,绿藻门,二形栅藻,p071_i03.jpg
p071_i04,71,4,绿藻门,二形栅藻,p071_i04.jpg
p071_i05,71,5,绿藻门,二形栅藻,p071_i05.jpg
p071_i06,71,6,绿藻门,四尾栅藻,p071_i06.jpg
p072_i01,72,1,绿藻门,裂孔栅藻,p072_i01.jpg
p072_i02,72,2,绿藻门,龙骨栅藻,p072_i02.jpg
p072_i03,72,3,绿藻门,裂孔栅藻,p072_i03.jpg
p072_i04,72,4,绿藻门,栅藻属,p072_i04.jpg
p072_i05,72,5,绿藻门,弯曲栅藻,p072_i05.jpg
p072_i06,72,6,绿藻门,齿牙栅藻,p072_i06.jpg
p073_i01,73,1,绿藻门,丰富栅藻原变种,p073_i01.jpg
p073_i02,73,2,绿藻门,丰富栅藻原变种,p073_i02.jpg
p073_i03,73,3,绿藻门,丰富栅藻原变种,p073_i03.jpg
p073_i04,73,4,绿藻门,栅藻属,p073_i04.jpg
p073_i05,73,5,绿藻门,栅藻属,p073_i05.jpg
p073_i06,73,6,绿藻门,栅藻属,p073_i06.jpg
p074_i01,74,1,绿藻门,栅藻属,p074_i01.jpg
p074_i02,74,2,绿藻门,转板藻属,p074_i02.jpg
p074_i03,74,3,绿藻门,转板藻属,p074_i03.jpg
